|g|,|t|,|p|,worst_case,|s|_worst,median,|s|_median
249140,100012,8178,24.200000,688927.000000,10.900000,18.900000
